<project toolsVersion="6.4">
	<dependency name="clangMetadata" tags="requiredForDistro requiredForMetaGen">
		<package name="clang-physxmetadata" version="4.0.0.32489833_1"/>
	</dependency>

	<dependency name="vswhere">
		<package name="VsWhere" version="2.7.3111.17308_1.0"  platforms="vc15win64  vc16win64 vc17win64 linux-crosscompile linux-aarch64-crosscompile "/>
	</dependency>

	<dependency name="PhysXDevice">
		<package name="PhysXDevice" version="18.12.7.4"  platforms="vc15win64  vc16win64 vc17win64"/>
	</dependency>

	<dependency name="freeglut">
		<package name="freeglut-windows" version="3.4_1.1"  platforms="vc15win64  vc16win64 vc17win64"/>
	</dependency>

	<dependency name="PhysXGpu">
		<package name="PhysXGpu" version="105.1-5.3.4207.33265367-windows-public"  platforms="vc15win64 vc16win64 vc17win64"/>
		<package name="PhysXGpu" version="105.1-5.3.4207.33265367-linux-x86_64-public"  platforms="linux"/>
		<package name="PhysXGpu" version="105.1-5.3.4207.33265367-linux-aarch64-public"  platforms="linux-aarch64"/>
	</dependency>

	<dependency name="opengllinux" tags="requiredForDistro">
		<package name="opengl-linux" version="2017.5.19.1"  platforms="linux"/>
	</dependency>

    <dependency name="rapidjson">
		<package name="rapidjson" version="1.1.0-67fac85-073453e1" />
	</dependency>
</project>
